1,google.com
2,mail.ru
3,microsoft.com
4,facebook.com
5,cloudflare.com
6,gtld-servers.net
7,googleapis.com
8,amazonaws.com
9,youtube.com
10,dzen.ru
11,apple.com
12,instagram.com
13,gstatic.com
14,office.com
15,twitter.com
16,live.com
17,akamai.net
18,linkedin.com
19,googlevideo.com
20,14emeliaterracewestroxburyma02132.su
21,googletagmanager.com
22,akamaiedge.net
23,fbcdn.net
24,akadns.net
25,amazon.com
26,microsoftonline.com
27,workers.dev
28,azure.com
29,googleusercontent.com
30,windowsupdate.com
31,wikipedia.org
32,doubleclick.net
33,github.com
34,bing.com
35,digicert.com
36,domaincontrol.com
37,ax-msedge.net
38,t-msedge.net
39,whatsapp.net
40,fastly.net
41,office.net
42,netflix.com
43,wordpress.org
44,apple-dns.net
45,youtu.be
46,e2ro.com
47,pinterest.com
48,aaplimg.com
49,appsflyersdk.com
50,icloud.com
51,googlesyndication.com
52,yahoo.com
53,sharepoint.com
54,trafficmanager.net
55,ntp.org
56,whatsapp.com
57,windows.net
58,goo.gl
59,roblox.com
60,tiktokcdn.com
61,msn.com
62,skype.com
63,x.com
64,akam.net
65,spotify.com
66,gandi.net
67,vimeo.com
68,tiktok.com
69,cloudfront.net
70,adobe.com
71,nic.ru
72,ripn.net
73,gvt1.com
74,gvt2.com
75,dual-s-msedge.net
76,tiktokv.com
77,ytimg.com
78,bit.ly
79,qq.com
80,ln-msedge.net
81,zoom.us
82,cloudflare.net
83,google-analytics.com
84,wa.me
85,office365.com
86,yandex.net
87,opera.com
88,baidu.com
89,samsung.com
90,cloudflare-dns.com
91,googledomains.com
92,nginx.org
93,wordpress.com
94,cdninstagram.com
95,edgekey.net
96,a2z.com
97,root-servers.net
98,windows.com
99,reddit.com
100,nginx.com
101,vedcdnlb.com
102,mozilla.org
103,ui.com
104,unity3d.com
105,wac-msedge.net
106,googleadservices.com
107,edgesuite.net
108,blogspot.com
109,t.me
110,sentry.io
111,europa.eu
112,vk.com
113,amazon-adsystem.com
114,snapchat.com
115,okcdn.ru
116,criteo.com
117,apache.org
118,dns.google
119,app-measurement.com
120,github.io
121,msedge.net
122,gravatar.com
123,bytefcdn-oversea.com
124,dropbox.com
125,one.one
126,intuit.com
127,outlook.com
128,xiaomi.com
129,userapi.com
130,aiv-cdn.net
131,msftncsi.com
132,epicgames.com
133,adnxs.com
134,cloud.microsoft
135,miit.gov.cn
136,yandex.ru
137,archive.org
138,nih.gov
139,tumblr.com
140,dns.cn
141,dnsowl.com
142,pki.goog
143,discord.gg
144,app-analytics-services.com
145,nist.gov
146,spov-msedge.net
147,registrar-servers.com
148,forms.gle
149,trbcdn.net
150,applovin.com
151,telekom.de
152,paypal.com
153,ggpht.com
154,3gppnetwork.org
155,amazon.dev
156,steamserver.net
157,nytimes.com
158,amazonvideo.com
159,spo-msedge.net
160,kaspersky.com
161,rubiconproject.com
162,b-cdn.net
163,reg.ru
164,tiktokcdn-us.com
165,flickr.com
166,shopify.com
167,macromedia.com
168,chatgpt.com
169,cdn77.org
170,medium.com
171,health.mil
172,godaddy.com
173,discord.com
174,adriver.ru
175,miui.com
176,aliyuncs.com
177,msftconnecttest.com
178,adtrafficquality.google
179,pubmatic.com
180,soundcloud.com
181,cnn.com
182,taboola.com
183,w3.org
184,adobe.io
185,vecdnlb.com
186,theguardian.com
187,android.com
188,azurefd.net
189,telecid.ru
190,wildberries.ru
191,lencr.org
192,vungle.com
193,adsrvr.org
194,ozon.ru
195,nflxso.net
196,f5.com
197,forbes.com
198,azurewebsites.net
199,t.co
200,cdn-apple.com
201,creativecommons.org
202,doubleverify.com
203,edgecdn.ru
204,pv-cdn.net
205,shifen.com
206,mts.ru
207,sourceforge.net
208,salesforce.com
209,example.com
210,bbc.co.uk
211,aws.dev
212,twitch.tv
213,ebay.com
214,casalemedia.com
215,bbc.com
216,myfritz.net
217,gmail.com
218,sciencedirect.com
219,wsdvs.com
220,oracle.com
221,azureedge.net
222,cpanel.net
223,demdex.net
224,inmobi.com
225,webex.com
226,mit.edu
227,researchgate.net
228,weather.com
229,kwai-pro.com
230,ubuntu.com
231,meraki.com
232,doi.org
233,imdb.com
234,scorecardresearch.com
235,ttdns2.com
236,jomodns.com
237,roku.com
238,akamaized.net
239,openai.com
240,youtube-nocookie.com
241,cisco.com
242,wixsite.com
243,wikimedia.org
244,static.microsoft
245,mangosip.ru
246,alibabadns.com
247,hubspot.com
248,capcutapi.com
249,who.int
250,a-msedge.net
251,linktr.ee
252,nr-data.net
253,ksyuncdn.com
254,yandex.com
255,comcast.net
256,playstation.net
257,canva.com
258,rocket-cdn.com
259,hp.com
260,launchpad.net
261,mozilla.com
262,tinyurl.com
263,safebrowsing.apple
264,cdngslb.com
265,googleblog.com
266,facebook.net
267,ibm.com
268,omtrdc.net
269,rbxcdn.com
270,appsflyer.com
271,grammarly.com
272,mailinabox.email
273,drom.ru
274,media-amazon.com
275,stripe.com
276,hichina.com
277,moe.video
278,mi.com
279,mtgglobals.com
280,samsungqbe.com
281,amazon.co.uk
282,samsungcloud.com
283,openx.net
284,hostgator.com
285,crashlytics.com
286,reuters.com
287,ttvnw.net
288,harvard.edu
289,groksearch.net
290,fastly-edge.com
291,www.gov.uk
292,mzstatic.com
293,nominetdns.uk
294,ampproject.org
295,ok.ru
296,steampowered.com
297,alibaba.com
298,netangels.ru
299,php.net
300,issuu.com
301,media.net
302,shalltry.com
303,weebly.com
304,jsdelivr.net
305,wiley.com
306,3lift.com
307,nature.com
308,go.com
309,overload.su
310,ea.com
311,tradingview.com
312,debian.org
313,launchdarkly.com
314,weibo.com
315,slack.com
316,dns-parking.com
317,heytapmobile.com
318,smartadserver.com
319,adsafeprotected.com
320,pages.dev
321,forter.com
322,dropcatch.com
323,mikrotik.com
324,opendns.com
325,nstld.com
326,ivi.ru
327,autodesk.com
328,douyincdn.com
329,booking.com
330,arubanetworks.com
331,cdc.gov
332,myshopify.com
333,dell.com
334,tiktokv.us
335,browser-intake-datadoghq.com
336,washingtonpost.com
337,etsy.com
338,springer.com
339,dnsmadeeasy.com
340,kaspersky-labs.com
341,dailymail.co.uk
342,vedsalb.com
343,huawei.com
344,cookielaw.org
345,cncdn.com
346,dailymotion.com
347,clarity.ms
348,wsj.com
349,gnu.org
350,name-services.com
351,2mdn.net
352,un.org
353,naver.com
354,telegraph.co.uk
355,akamaihd.net
356,bloomberg.com
357,byteoversea.net
358,inner-active.mobi
359,allawnos.com
360,samsungcloudsolution.com
361,aliyun.com
362,erome.com
363,checkpoint.com
364,vkuser.net
365,expireddomains.com
366,bilibili.com
367,ibyteimg.com
368,mynetname.net
369,heytapdl.com
370,cloudns.net
371,stanford.edu
372,avast.com
373,tp-link.com
374,ezvizlife.com
375,wp.com
376,google.de
377,kwaipros.com
378,espn.com
379,notamedia.ru
380,tiktokrow-cdn.com
381,netflix.net
382,unsplash.com
383,nease.net
384,aiv-delivery.net
385,alicdn.com
386,indeed.com
387,nvidia.com
388,businessinsider.com
389,temu.com
390,google.com.br
391,id5-sync.com
392,nasa.gov
393,ipv4only.arpa
394,telegram.org
395,independent.co.uk
396,amazonalexa.com
397,sharethrough.com
398,sberbank.ru
399,plesk.com
400,sc-gw.com
401,duckduckgo.com
402,tiktokcdn-eu.com
403,cdnbuild.net
404,adobe.net
405,cornell.edu
406,ip-api.com
407,bidswitch.net
408,wbx2.com
409,calendly.com
410,alidns.com
411,pixabay.com
412,wyzecam.com
413,xboxlive.com
414,sfx.ms
415,avcdn.net
416,tiktokv.eu
417,pangle.io
418,telegram.me
419,globo.com
420,amazon.de
421,list-manage.com
422,taobao.com
423,steamcommunity.com
424,cookiedatabase.org
425,quora.com
426,uol.com.br
427,cnbc.com
428,teamviewer.com
429,statista.com
430,duolingo.com
431,firetvcaptiveportal.com
432,ngenix.net
433,scdn.co
434,avsxappcaptiveportal.com
435,mediatek.com
436,rzone.de
437,163.com
438,gitlab.com
439,npr.org
440,uber.com
441,goodreads.com
442,qlivecdn.com
443,addtoany.com
444,vivoglobal.com
445,sohu.com
446,trustpilot.com
447,g.page
448,aliexpress.com
449,eventbrite.com
450,line.me
451,yahoo.co.jp
452,myhuaweicloud.com
453,beian.gov.cn
454,2gis.com
455,consultant.ru
456,indiatimes.com
457,kwai.net
458,afternic.com
459,aol.com
460,walmart.com
461,foxnews.com
462,speedtest.net
463,nflximg.com
464,behance.net
465,mcafee.com
466,bluehost.com
467,online-metrix.net
468,giphy.com
469,cdn20.com
470,discord.media
471,xcal.tv
472,zendesk.com
473,wb.ru
474,att.net
475,wired.com
476,b-msedge.net
477,dnspod.net
478,bamgrid.com
479,icloud-content.com
480,verisign.com
481,nflxvideo.net
482,amzn.to
483,cox.net
484,slideshare.net
485,mysql.com
486,amplitude.com
487,google.co.uk
488,deepintent.com
489,my.com
490,scribd.com
491,ietf.org
492,google.com.hk
493,s-msedge.net
494,stackoverflow.com
495,time.com
496,usatoday.com
497,msidentity.com
498,cdnvideo.ru
499,dccnet.com.cn
500,imgsmail.ru
501,imcmdb.net
502,atlassian.com
503,ft.com
504,cloudflareinsights.com
505,gosuslugi.ru
506,blogger.com
507,goskope.com
508,sina.com.cn
509,shein.com
510,firefox.com
511,indexww.com
512,t-online.de
513,netease.com
514,visualstudio.com
515,360yield.com
516,svc.ms
517,deviantart.com
518,xhamster.com
519,myqcloud.com
520,docker.com
521,timeweb.ru
522,crpt.ru
523,jquery.com
524,bsky.app
525,ys7.com
526,paloaltonetworks.com
527,xiaomi.net
528,patreon.com
529,worldnic.com
530,rutube.ru
531,live-video.net
532,gcdn.co
533,comcast.com
534,wix.com
535,nypost.com
536,rakuten.co.jp
537,rlcdn.com
538,name.com
539,tencent-cloud.net
540,elasticbeanstalk.com
541,free.fr
542,intel.com
543,fast.com
544,tbcache.com
545,dotomi.com
546,tripadvisor.com
547,vkontakte.ru
548,bdydns.com
549,playstation.com
550,imgur.com
551,tandfonline.com
552,fandom.com
553,oup.com
554,eset.com
555,target.com
556,adobedtm.com
557,mega.co.nz
558,wbbasket.ru
559,berkeley.edu
560,byteglb.com
561,gandi-ns.fr
562,sophos.com
563,cnet.com
564,braze.com
565,hotjar.com
566,run.app
567,dynatrace.com
568,yahoodns.net
569,trendmicro.com
570,vivo.com.cn
571,britannica.com
572,branch.io
573,tplinkcloud.com
574,pendo.io
575,stbid.ru
576,adform.net
577,lijit.com
578,buzzfeed.com
579,intercom.io
580,loc.gov
581,squarespace.com
582,amazon.co.jp
583,ca.gov
584,awswaf.com
585,spaceweb.pro
586,tm-azurefd.net
587,supercell.com
588,yandxadservices.net
589,licdn.com
590,ikea.com
591,easebar.com
592,uk.com
593,onetrust.com
594,telekom.net
595,googletagservices.com
596,aboutads.info
597,merriam-webster.com
598,cbsnews.com
599,namebrightdns.com
600,vtwenty.com
601,360safe.com
602,hicloud.com
603,accuweather.com
604,azure-dns.com
605,shutterstock.com
606,twimg.com
607,noaa.gov
608,g.co
609,force.com
610,sentinelone.net
611,surveymonkey.com
612,hostgator.com.br
613,ieee.org
614,samsungapps.com
615,amazontrust.com
616,yelp.com
617,gdemoideti.ru
618,quickconnect.to
619,substack.com
620,nike.com
621,he.net
622,live.net
623,digitalocean.com
624,wp.pl
625,ted.com
626,techcrunch.com
627,ovh.net
628,fontawesome.com
629,newrelic.com
630,typekit.net
631,arxiv.org
632,yieldmo.com
633,stackadapt.com
634,deepl.com
635,okta.com
636,tapad.com
637,wattpad.com
638,oraclecloud.com
639,viber.com
640,agkn.com
641,optimizely.com
642,awsglobalaccelerator.com
643,dreamhost.com
644,elpais.com
645,jotform.com
646,bidmachine.io
647,pinimg.com
648,duckdns.org
649,smaato.net
650,chinamobile.com
651,ozone.ru
652,brave.com
653,w3schools.com
654,shopee.com.br
655,outbrain.com
656,withgoogle.com
657,amazon.fr
658,markmonitor.com
659,conviva.com
660,mailchimp.com
661,redhat.com
662,grammarly.io
663,1rx.io
664,avito.ru
665,amazon.ca
666,service.gov.uk
667,appcenter.ms
668,cambridge.org
669,sc-cdn.net
670,rt.ru
671,crwdcntrl.net
672,telephony.goog
673,liadm.com
674,vidaahub.com
675,xerox.com
676,marriott.com
677,ups.com
678,googlezip.net
679,lemonde.fr
680,cmediahub.ru
681,spiegel.de
682,klaviyo.com
683,salesforceliveagent.com
684,ovscdns.com
685,quantserve.com
686,ring.com
687,fb.com
688,bidr.io
689,creativecdn.com
690,anydesk.com
691,steamstatic.com
692,unesco.org
693,vkuserphoto.ru
694,qualtrics.com
695,sagepub.com
696,33across.com
697,nel.goog
698,gumgum.com
699,heylink.me
700,linode.com
701,zoho.com
702,websitewelcome.com
703,nic.network
704,ya.ru
705,asus.com
706,warnerbros.com
707,omnitagjs.com
708,zillow.com
709,tencent.com
710,mediafire.com
711,impervadns.net
712,hath.network
713,newsweek.com
714,bugsnag.com
715,shopee.co.id
716,webmd.com
717,ipify.org
718,exp-tas.com
719,bytefcdn-ttpus.com
720,people.com
721,samsungacr.com
722,xvideos.com
723,volcfcdndvs.com
724,airbnb.com
725,onelink.me
726,mdpi.com
727,dbankcloud.com
728,mixpanel.com
729,hihonorcloud.com
730,ks-cdn.com
731,box.com
732,google.cn
733,theverge.com
734,amazon.in
735,everesttech.net
736,investopedia.com
737,mhverifier.ru
738,t-mobile.com
739,rackspace.net
740,life360.com
741,imrworldwide.com
742,latimes.com
743,bestbuy.com
744,prnewswire.com
745,criteo.net
746,fiverr.com
747,vk.ru
748,disqus.com
749,whecloud.com
750,amazon.es
751,miwifi.com
752,githubusercontent.com
753,curseforge.com
754,no-ip.com
755,nbcnews.com
756,allaboutcookies.org
757,bandcamp.com
758,edgecastdns.net
759,livejournal.com
760,liftoff.io
761,wswebcdn.com
762,xbox.com
763,clever.com
764,rakuten.com
765,rackspace.com
766,geobasket.ru
767,nikkei.com
768,bitrix24.ru
769,networkadvertising.org
770,myspace.com
771,amazon.it
772,360.cn
773,turn.com
774,me.com
775,appspot.com
776,freepik.com
777,discordapp.com
778,homedepot.com
779,a-mo.net
780,google.nl
781,bytefcdn-ttpeu.com
782,academia.edu
783,webhostbox.net
784,lenovo.com
785,ameblo.jp
786,mayoclinic.org
787,mlb.com
788,lgtvcommon.com
789,recaptcha.net
790,teads.tv
791,adguard-vpn.online
792,datadoghq.com
793,adobedc.net
794,zemanta.com
795,usps.com
796,apnews.com
797,atlassian.net
798,iso.org
799,washington.edu
800,hbr.org
801,lefigaro.fr
802,ssl-images-amazon.com
803,disneyplus.com
804,primevideo.com
805,rbc.ru
806,unpkg.com
807,unrulymedia.com
808,fda.gov
809,python.org
810,healthline.com
811,adjust.com
812,aniview.com
813,allegro.pl
814,azure-devices.net
815,dfn.nl
816,bild.de
817,onetag-sys.com
818,nic.io
819,welt.de
820,firebaseio.com
821,flashtalking.com
822,princeton.edu
823,usda.gov
824,spotifycdn.com
825,cursor.sh
826,go-mpulse.net
827,pexels.com
828,themeforest.net
829,onlyfans.com
830,readthedocs.io
831,chess.com
832,discogs.com
833,change.org
834,yellowblue.io
835,pccc.com
836,fwmrm.net
837,synology.com
838,cdn-vk.ru
839,dbankcloud.cn
840,figma.com
841,pornhub.com
842,agoda.com
843,zenecn.net
844,fidelity.com
845,genius.com
846,kickstarter.com
847,youku.com
848,typeform.com
849,cloudsink.net
850,globalsign.com
851,cloudinary.com
852,mckinsey.com
853,bankofamerica.com
854,afilias-nst.info
855,docker.io
856,nationalgeographic.com
857,aliyuncsslbintl.com
858,thenai.org
859,onet.pl
860,dbankcloud.ru
861,theatlantic.com
862,gtld.biz
863,ebay.co.uk
864,mozilla.net
865,linklist.bio
866,classlink.com
867,shopifysvc.com
868,eu-1-id5-sync.com
869,sportradar.com
870,threads.com
871,lwsdns.com
872,hm.com
873,cootlogix.com
874,biblegateway.com
875,seznam.cz
876,mailchi.mp
877,huffpost.com
878,prodregistryv2.org
879,bx-msedge.net
880,openstreetmap.org
881,lowes.com
882,kick.com
883,akamaitech.net
884,tplinknbu.com
885,worldbank.org
886,richaudience.com
887,t-bank-app.ru
888,redditstatic.com
889,wps.com
890,xiaohongshu.com
891,samsungosp.com
892,moloco.com
893,btloader.com
894,otto.de
895,ubnt.com
896,adgrx.com
897,byteconnect.io
898,smartthings.com
899,whitehouse.gov
900,pbs.org
901,segment.io
902,palmplaystore.com
903,cdnhwc1.com
904,amazon.com.br
905,yximgs.com
906,character.ai
907,kunluncan.com
908,smilewanted.com
909,epa.gov
910,crazygames.com
911,seedtag.com
912,shopeemobile.com
913,fbsbx.com
914,netgear.com
915,dribbble.com
916,chaturbate.com
917,state.gov
918,usgovcloudapi.net
919,bytefcdn.com
920,e-msedge.net
921,daum.net
922,onesignal.com
923,samsungcloudsolution.net
924,ui-dns.com
925,www.gov.br
926,vkuseraudio.net
927,frontiersin.org
928,utorrent.com
929,capcut.com
930,contextweb.com
931,deloitte.com
932,note.com
933,sedo.com
934,mercadolivre.com.br
935,kunlungr.com
936,ebay.de
937,arcgis.com
938,repubblica.it
939,corriere.it
940,adblockplus.org
941,kueezrtb.com
942,xnxx.com
943,afilias-nst.org
944,immedia-semi.com
945,spamhaus.org
946,amazon.com.au
947,ryanair.com
948,tiktokw.us
949,ad-delivery.net
950,rayjump.com
951,elmundo.es
952,google.co.jp
953,onlinepbx.ru
954,mercadolibre.com.ar
955,playrix.com
956,microsoftpersonalcontent.com
957,quizlet.com
958,instructure.com
959,kahoot.it
960,kwai.com
961,jetbrains.com
962,binance.com
963,eporner.com
964,4dex.io
965,caixa.gov.br
966,cdnhwc2.com
967,bytedns1.com
968,superhosting.bg
969,bol.com
970,gamepass.com
971,nexusmods.com
972,kslawin.com
973,pvp.net
974,umich.edu
975,macys.com
976,nintendo.net
977,attn.tv
978,leparisien.fr
979,huffingtonpost.com
980,pixiv.net
981,weforum.org
982,focus.de
983,split.io
984,cbc.ca
985,tds.net
986,perplexity.ai
987,1drv.com
988,hugedomains.com
989,kohls.com
990,letterboxd.com
991,kwcdn.com
992,presage.io
993,columbia.edu
994,edna.ru
995,lavanguardia.com
996,xing.com
997,selectel.ru
998,ancestry.com
999,kontur.ru
1000,google.fr