ID,first_name,last_name,age
1,Timothy,Zhang,51
2,Mark,Gardner,21
3,Tracy,Maddox,40
4,Amanda,Mitchell,61
5,Alexander,Paul,77
6,Faith,Mcdonald,36
7,Natalie,Hall,49
8,Ronnie,Taylor,41
9,Deanna,Martin,31
10,Dawn,Smith,37
11,Joshua,Reyes,33
12,Johnny,Lopez,51
13,Rachel,Johnson,40
14,Steven,Marshall,30
15,Tracy,Diaz,54
16,Nicole,Thomas,71
17,Gregory,Cummings,59
18,Paige,Berg,31
19,Jennifer,Evans,45
20,Adam,Mills,76
21,John,Prince,53
22,Abigail,Webb,59
23,Gabriel,Johnson,71
24,Ann,Pratt,70
25,Devin,Jackson,36
26,Cheyenne,Short,61
27,Emily,Joseph,45
28,William,White,56
29,Mark,Baker,34
30,Kathryn,Meadows,80
31,Sarah,Hart,62
32,William,Thompson,73
33,Jeffery,Mayer,57
34,Cathy,Byrd,26
35,Rebecca,Dixon,51
36,Jennifer,Robinson,47
37,Jeffrey,Smith,59
38,Kayla,Small,48
39,Phillip,Stafford,50
40,Nichole,Campos,57
41,Danielle,Christensen,75
42,Carlos,Hudson,42
43,Kyle,Bryant,56
44,Laurie,Horton,50
45,Jeffrey,Boyer,43
46,Matthew,Patel,59
47,Chelsea,Harris,58
48,Cheryl,Kelley,37
49,Lisa,Martinez,46
50,Kim,Barker,51
